,recipe_name,cuisine_SP,aisle_SP,ingredients_SP,salt and pepper,onion,lime,garlic,tomato,cilantro,oil,fresh pepper,cheese,tortilla,bell pepper,avocado,beans,cumin,chili powder,chicken,salsa,corn,beef,sour cream
0,Chicken Fajita Stuffed Bell Pepper,['Mexican'],"['Produce', ' Produce', ' Meat', ' Spices and Seasonings', ' Produce;Spices and Seasonings', ' Spices and Seasonings', ' Produce', ' Pasta and Rice;Health Foods', ' Pasta and Rice;Ethnic Foods', ' Spices and Seasonings', ' Cheese']","['avocado', 'bell pepper', 'chicken', 'chili powder', 'cilantro', 'cumin', 'lettuce', 'quinoa', 'salsa', 'salt and pepper', 'cheese']",1,0,0,0,0,1,0,0,1,0,1,1,0,1,1,1,1,0,0,0
1,Corn Avocado Salsa,['Mexican'],"['Produce', ' Oil', ' Vinegar', ' Salad Dressing', ' Spices and Seasonings', ' Frozen', ' Produce', ' Produce']","['avocado', 'vinegar', 'cumin', 'corn', 'garlic', 'bell pepper']",0,0,0,1,0,0,0,0,0,0,1,1,0,1,0,0,0,1,0,0
2,Cheesy Chicken Enchilada Quinoa Casserole,['Mexican'],"['Produce', ' Spices and Seasonings', ' Canned and Jarred', ' Canned and Jarred', ' Spices and Seasonings', ' Pasta and Rice;Health Foods', ' Spices and Seasonings', ' Pasta and Rice;Ethnic Foods', ' Produce;Spices and Seasonings', ' Produce', ' Produce', ' Spices and Seasonings', ' Cheese', ' Meat', ' Produce', ' Spices and Seasonings']","['avocado', 'salt and pepper', 'beans', 'tomato', 'chili powder', 'quinoa', 'cumin', 'enchilada sauce', 'cilantro', 'onion', 'tomato', 'salt and pepper', 'cheese', 'chicken', 'corn', 'salt and pepper']",1,1,0,0,1,1,0,0,1,0,0,1,1,1,1,1,0,1,0,0
3,Homemade Guacamole,['Mexican'],"['Produce', ' Produce;Spices and Seasonings', ' Produce', ' Spices and Seasonings', ' Produce', ' Produce']","['avocado', 'cilantro', 'lime', 'salt and pepper', 'onion', 'tomato']",1,1,1,0,1,1,0,0,0,0,0,1,0,0,0,0,0,0,0,0
4,Mini Stuffed Mexican Bell Peppers,['Mexican'],"['Produce', ' Canned and Jarred', ' Spices and Seasonings', ' Canned and Jarred;Ethnic Foods', ' Canned and Jarred', ' Produce', ' Produce', ' Spices and Seasonings', ' Spices and Seasonings', ' Meat', ' Spices and Seasonings', ' Produce', ' Produce']","['bell pepper', 'beans', 'chili powder', 'canned pepper', 'tomato', 'garlic', 'fresh pepper', 'coriander', 'cumin', 'turkey', 'paprika', 'tomatillos', 'onion']",0,1,0,1,1,0,0,1,0,0,1,0,1,1,1,0,0,0,0,0
5,Filet Mignon Soft Tacos,['Mexican'],"['Seafood', ' Oil', ' Vinegar', ' Salad Dressing', ' Refrigerated', ' Spices and Seasonings', ' Cheese', ' Milk', ' Eggs', ' Other Dairy', ' Bakery/Bread;Pasta and Rice;Ethnic Foods']","['fish', 'oil', 'guacamole', 'salt and pepper', 'cheese', 'sour cream', 'tortilla']",1,0,0,0,0,0,1,0,1,1,0,0,0,0,0,0,0,0,0,1
6,Instant Pot Chicken Taco Soup,['Mexican'],"['Meat', ' Canned and Jarred', ' Produce', ' Canned and Jarred', ' Canned and Jarred', ' Spices and Seasonings', ' Spices and Seasonings', ' Produce', ' Produce', ' Oil', ' Vinegar', ' Salad Dressing', ' Produce', ' Beverages']","['chicken', 'beans', 'corn', 'canned pepper', 'tomato', 'chili powder', 'cilantro', 'bell pepper', 'onion', 'oil', 'onion', 'water']",0,1,0,0,1,1,1,0,0,0,1,0,1,0,1,1,0,1,0,0
7,Slow Cooker Chicken Taco Soup,['Mexican'],"['Canned and Jarred', ' Canned and Jarred', ' Canned and Jarred', ' Canned and Jarred', ' Produce', ' Produce', ' Meat']","['beans', 'tomato', 'tomato', 'beans', 'corn', 'onion', 'chicken']",0,1,0,0,1,0,0,0,0,0,0,0,1,0,0,1,0,1,0,0
8,Corn-Crusted Fish Tacos With Jalapeno-Lime Sauce and Spicy Black Beans,['Mexican'],"['Canned and Jarred', ' Spices and Seasonings', ' Produce;Spices and Seasonings', ' Bakery/Bread;Pasta and Rice;Ethnic Foods', ' Ethnic Foods;Baking', ' Spices and Seasonings', ' Produce', ' Condiments', ' Canned and Jarred;Produce;Ethnic Foods', ' Produce', ' Produce', ' Condiments', ' Cheese', ' Oil', ' Vinegar', ' Salad Dressing', ' Produce', ' Seafood', ' Produce']","['beans', 'cayenne', 'cilantro', 'tortilla', 'cornmeal', 'cumin', 'onion', 'hot sauce', 'fresh pepper', 'lime', 'lime', 'mayonnaise', 'cheese', 'oil', 'cabbage', 'fish', 'tomato']",0,1,1,0,1,1,1,1,1,1,0,0,1,1,0,0,0,0,0,0
9,"Grilled Salmon With Cherry, Pineapple, Mango Salsa",['Mexican'],"['Produce', ' Produce', ' Produce', ' Produce;Spices and Seasonings', ' Produce', ' Produce', ' Produce', ' Produce', ' Oil', ' Vinegar', ' Salad Dressing', ' Produce', ' Produce', ' Seafood', ' Spices and Seasonings', ' Produce']","['fresh pepper', 'cherries', 'basil', 'mint', 'garlic', 'lime', 'lime', 'mango', 'oil', 'peach', 'pineapple', 'fish', 'salt and pepper', 'shallot']",1,0,1,1,0,0,1,1,0,0,0,0,0,0,0,0,0,0,0,0
10,Vegan Taco bowls with Cilantro Lime Cauliflower Rice,['Mexican'],"['Oil', ' Vinegar', ' Salad Dressing;Health Foods', ' Produce', ' Spices and Seasonings', ' Produce;Spices and Seasonings', ' Spices and Seasonings', ' Produce', ' Canned and Jarred;Produce;Ethnic Foods', ' Produce', ' Produce', ' Spices and Seasonings', ' Produce', ' Nuts;Baking']","['avocado oil', 'cauliflower', 'chili powder', 'cilantro', 'garlic', 'avocado', 'fresh pepper', 'lime', 'onion', 'salt and pepper', 'tomato', 'walnuts']",1,1,1,1,1,1,0,1,0,0,0,1,0,0,1,0,0,0,0,0
11,Mango Salsa,['Mexican'],"['Produce', ' Produce', ' Produce', ' Produce', ' Produce;Spices and Seasonings', ' Produce', ' Produce', ' Baking']","['tomato', 'bell pepper', 'lime', 'mango', 'mint', 'bell pepper', 'onion', 'sugar']",0,1,1,0,1,0,0,0,0,0,1,0,0,0,0,0,0,0,0,0
12,Carolina Caviar - Black Bean Salsa,['Mexican'],"['Canned and Jarred', ' Produce', ' Produce', ' Produce', ' Produce', ' Produce', ' Produce', ' Produce', ' Canned and Jarred', ' Produce;Spices and Seasonings', ' Produce', ' Produce', ' Condiments', ' Spices and Seasonings']","['beans', 'avocado', 'bell pepper', 'bell pepper', 'bell pepper', 'onion', 'onion', 'corn', 'tomato', 'cilantro', 'garlic', 'lime', 'hot sauce', 'salt and pepper']",1,1,1,1,1,1,0,0,0,0,1,1,1,0,0,0,0,1,0,0
13,Restaurant Style Salsa,['Mexican'],"['Canned and Jarred', ' Produce;Spices and Seasonings', ' Produce', ' Spices and Seasonings', ' Canned and Jarred;Produce;Ethnic Foods', ' Produce', ' Produce', ' Canned and Jarred', ' Spices and Seasonings', ' None', ' Baking']","['tomato', 'cilantro', 'garlic', 'cumin', 'fresh pepper', 'lime', 'onion', 'tomato', 'salt and pepper', 'seasoning', 'sugar']",1,1,1,1,1,1,0,1,0,0,0,0,0,1,0,0,0,0,0,0
14,Seared Pork Chops W/ Mango Salsa,['Mexican'],"['Produce', ' Produce', ' Spices and Seasonings', ' Produce;Spices and Seasonings', ' Spices and Seasonings', ' Spices and Seasonings', ' Produce', ' Produce', ' Spices and Seasonings', ' Produce', ' Spices and Seasonings', ' Meat', ' Spices and Seasonings', ' Produce', ' Produce', ' Oil', ' Vinegar', ' Salad Dressing']","['bell pepper', 'bell pepper', 'cayenne', 'cilantro', 'cumin', 'garlic', 'lime', 'mango', 'mustard powder', 'onion', 'onion', 'pork', 'salt and pepper', 'onion', 'tomato', 'oil']",1,1,1,1,1,1,1,0,0,0,1,0,0,1,0,0,0,0,0,0
15,Crispy-Crowned Guacamole Fish Fillets,['Mexican'],"['Produce', ' Produce', ' Produce', ' Produce;Spices and Seasonings', ' Seafood', ' Produce', ' Produce', ' Produce', ' Spices and Seasonings', ' Condiments', ' Savory Snacks']","['avocado', 'bell pepper', 'tomato', 'cilantro', 'fish', 'garlic', 'onion', 'bell pepper', 'salt and pepper', 'hot sauce', 'tortilla']",1,1,0,1,1,1,0,0,0,1,1,1,0,0,0,0,0,0,0,0
16,Flank Steak with Herbed Salsa,['Mexican'],"['Produce;Spices and Seasonings', ' Oil', ' Vinegar', ' Salad Dressing', ' Meat', ' Produce', ' Canned and Jarred;Produce;Ethnic Foods', ' Produce', ' Produce', ' Spices and Seasonings', ' Produce', ' Produce']","['cilantro', 'oil', 'beef', 'garlic', 'fresh pepper', 'lemon', 'lime', 'salt and pepper', 'onion', 'tomato']",1,1,1,1,1,1,1,1,0,0,0,0,0,0,0,0,0,0,1,0
17,Mexican Casserole,['Mexican'],"['Meat', ' Cheese', ' Canned and Jarred', ' Canned and Jarred', ' Produce', ' Pasta and Rice', ' Pasta and Rice;Ethnic Foods', ' Cheese']","['chicken', 'cheese', 'chicken soup', 'mushroom soup', 'onion', 'rice', 'salsa', 'cheese']",0,1,0,0,0,0,0,0,1,0,0,0,0,0,0,1,1,0,0,0
18,Beef Fajita Marinade,['Mexican'],"['Produce;Spices and Seasonings', ' Produce', ' Cheese', ' Spices and Seasonings', ' Produce', ' Produce', ' Oil', ' Vinegar', ' Salad Dressing', ' Meat']","['cilantro', 'garlic', 'cheese', 'chipotle', 'lime', 'lime', 'oil', 'beef']",0,0,1,1,0,1,1,0,1,0,0,0,0,0,0,0,0,0,1,0
19,Black Bean and Peppers Taco Filling,['Mexican'],"['Produce', ' Canned and Jarred', ' Canned and Jarred', ' Spices and Seasonings', ' Spices and Seasonings', ' Spices and Seasonings', ' Oil', ' Vinegar', ' Salad Dressing', ' Produce', ' Produce;Spices and Seasonings', ' Spices and Seasonings']","['bell pepper', 'beans', 'tomato', 'chili powder', 'garlic', 'cumin', 'oil', 'onion', 'oregano', 'paprika']",0,1,0,1,1,0,1,0,0,0,1,0,1,1,1,0,0,0,0,0
20,Grilled Salmon With Mango Salsa,['Mexican'],"['Produce;Spices and Seasonings', ' Dried Fruits;Produce', ' Produce', ' Produce', ' Produce', ' Seafood', ' Spices and Seasonings']","['cilantro', 'mango', 'lime', 'onion', 'pineapple', 'fish', 'salt and pepper']",1,1,1,0,0,1,0,0,0,0,0,0,0,0,0,0,0,0,0,0
21,Mexican Chicken & Rice Bowl,['Mexican'],"['Meat', ' Produce;Spices and Seasonings', ' Pasta and Rice', ' Canned and Jarred', ' Produce', ' Produce', ' Produce', ' Produce', ' Pasta and Rice;Ethnic Foods', ' Oil', ' Vinegar', ' Salad Dressing', ' Spices and Seasonings']","['chicken', 'parsley', 'rice', 'beans', 'corn', 'tomato', 'avocado', 'lime', 'salsa', 'oil', 'salt and pepper']",1,0,1,0,1,0,1,0,0,0,0,1,1,0,0,1,1,1,0,0
22,Grilled Fish Tacos W/ Spicy Tequila-Lime Guacamole,['Mexican'],"['Produce', ' Seafood', ' Bakery/Bread;Pasta and Rice;Ethnic Foods', ' Produce;Spices and Seasonings', ' Canned and Jarred;Produce;Ethnic Foods', ' Produce', ' Produce', ' Produce', ' Milk', ' Eggs', ' Other Dairy', ' Oil', ' Vinegar', ' Salad Dressing', ' Produce', ' Spices and Seasonings', ' Alcoholic Beverages', ' Produce']","['avocado', 'fish', 'tortilla', 'cilantro', 'fresh pepper', 'lettuce', 'lime', 'lime', 'yogurt', 'oil', 'onion', 'salt and pepper', 'tequila', 'tomato']",1,1,1,0,1,1,1,1,0,1,0,1,0,0,0,0,0,0,0,0
23,Healthy & Spicy Fish Taco Salad,['Mexican'],"['Ethnic Foods;Spices and Seasonings', ' Produce', ' Produce', ' Produce;Spices and Seasonings', ' Seafood', ' Frozen', ' Canned and Jarred;Produce;Ethnic Foods', ' Produce', ' Produce', ' Spices and Seasonings', ' Produce', ' Pasta and Rice;Ethnic Foods', ' Spices and Seasonings', ' Bakery/Bread;Pasta and Rice;Ethnic Foods', ' Oil', ' Vinegar', ' Salad Dressing', ' Oil', ' Vinegar', ' Salad Dressing']","['chili powder', 'avocado', 'tomato', 'cilantro', 'fish', 'corn', 'fresh pepper', 'lime', 'onion', 'red pepper flake', 'lettuce', 'salsa', 'salt and pepper', 'tortilla', 'oil', 'oil']",1,1,1,0,1,1,1,1,0,1,0,1,0,0,1,0,1,1,0,0
24,Kk's Fish Tacos,['Mexican'],"['Seafood', ' Bakery/Bread;Pasta and Rice;Ethnic Foods', ' Produce;Spices and Seasonings', ' Produce', ' Produce', ' Produce', ' Produce', ' Pasta and Rice', ' Spices and Seasonings', ' ?']","['fish', 'tortilla', 'cilantro', 'lime', 'lettuce', 'tomato', 'onion', 'breadcrumbs', 'creole season', 'None']",0,1,1,0,1,1,0,0,0,1,0,0,0,0,0,0,0,0,0,0
25,Blast Of Color Mexican Stuffed Bell Peppers,['Mexican'],"['Produce', ' Pasta and Rice;Canned and Jarred', ' Meat', ' Produce', ' Spices and Seasonings', ' Pasta and Rice', ' Produce', ' Produce', ' Cheese', ' Produce', ' Produce', ' Milk', ' Eggs', ' Other Dairy']","['bell pepper', 'beans', 'chicken', 'chili powder', 'chili powder', 'rice', 'corn', 'garlic', 'cheese', 'onion', 'tomato', 'sour cream']",0,1,0,1,1,0,0,0,1,0,1,0,1,0,1,1,0,1,0,1
26,Salsa Chicken & Black Beans,['Mexican'],"['Canned and Jarred', ' Canned and Jarred', ' Produce;Spices and Seasonings', ' Produce', ' Produce', ' Produce', ' Produce', ' Pasta and Rice;Ethnic Foods', ' Meat']","['stock', 'beans', 'cilantro', 'garlic', 'lime', 'bell pepper', 'onion', 'salsa', 'chicken']",0,1,1,1,0,1,0,0,0,0,1,0,1,0,0,1,1,0,0,0
27,Chicken Taquitos with an Avocado Salsa,['Mexican'],"['Bakery/Bread;Pasta and Rice;Ethnic Foods', ' Meat', ' Oil', ' Vinegar', ' Salad Dressing', ' Milk', ' Eggs', ' Other Dairy', ' Cheese', ' Produce', ' Produce', ' Produce;Spices and Seasonings', ' Produce', ' Produce', ' Produce', ' Spices and Seasonings']","['tortilla', 'chicken', 'oil', 'crema', 'cheese', 'avocado', 'tomatillos', 'cilantro', 'onion', 'garlic', 'lime', 'salt and pepper']",1,1,1,1,0,1,1,0,1,1,0,1,0,0,0,1,0,0,0,0
28,Cheesy Beef Burrito,['Mexican'],"['Oil', ' Vinegar', ' Salad Dressing', ' Meat', ' Produce', ' Produce', ' Pasta and Rice;Ethnic Foods', ' Beverages', ' Canned and Jarred', ' Pasta and Rice;Ethnic Foods', ' Spices and Seasonings', ' Spices and Seasonings', ' Bakery/Bread;Pasta and Rice;Ethnic Foods', ' Cheese', ' Produce', ' Pasta and Rice', ' Pasta and Rice;Canned and Jarred', ' Produce', ' Produce', ' Produce', ' Milk', ' Eggs', ' Other Dairy']","['oil', 'beef', 'onion', 'garlic', 'enchilada sauce', 'tomato', 'canned pepper', 'salsa', 'salt and pepper', 'chili powder', 'tortilla', 'cheese', 'onion', 'rice', 'beans', 'tomato', 'lettuce', 'onion', 'sour cream']",1,1,0,1,1,0,1,0,1,1,0,0,1,0,1,0,1,0,1,1
29,Turkey Kale Tacos,['Mexican'],"['Spices and Seasonings', ' Spices and Seasonings', ' Produce', ' Meat', ' Produce', ' Spices and Seasonings', ' Oil', ' Vinegar', ' Salad Dressing', ' Produce', ' Spices and Seasonings', ' Produce', ' Beverages']","['cayenne', 'cumin', 'garlic', 'turkey', 'kale', 'salt and pepper', 'oil', 'onion', 'paprika', 'bell pepper', 'water']",1,1,0,1,0,0,1,0,0,0,1,0,0,1,0,0,0,0,0,0
30,Mexican Lettuce Wraps & Spanish Rice,['Mexican'],"['Meat', ' Produce', ' Produce', ' Beverages', ' Ethnic Foods;Spices and Seasonings', ' Oil', ' Vinegar', ' Salad Dressing', ' Produce', ' Pasta and Rice', ' Beverages', ' Pasta and Rice', ' Canned and Jarred;Frozen', ' Canned and Jarred', ' Produce;Spices and Seasonings', ' Spices and Seasonings', ' Cheese', ' Produce', ' Pasta and Rice;Ethnic Foods']","['turkey', 'garlic', 'onion', 'water', 'taco seasoning mix', 'oil', 'lettuce', 'rice', 'water', 'tomato', 'pea', 'olives', 'oregano', 'salt and pepper', 'cheese', 'avocado', 'salsa']",1,1,0,1,1,0,1,0,1,0,0,1,0,0,0,0,1,0,0,0
31,Black Bean Soup With Pico De Gallo and Chipotle Creme,['Mexican'],"['Canned and Jarred;Ethnic Foods', ' Produce', ' Produce', ' Produce;Spices and Seasonings', ' Canned and Jarred;Produce;Ethnic Foods', ' Produce', ' Spices and Seasonings', ' Ethnic Foods', ' Pasta and Rice;Canned and Jarred', ' Beverages', ' Produce', ' Produce', ' Meat', ' Meat', ' Produce', ' Spices and Seasonings', ' Spices and Seasonings', ' Produce;Spices and Seasonings', ' Spices and Seasonings', ' Canned and Jarred', ' Canned and Jarred;Ethnic Foods', ' Frozen', ' Milk', ' Eggs', ' Other Dairy', ' Canned and Jarred;Ethnic Foods']","['pico de gallo', 'onion', 'tomato', 'cilantro', 'fresh pepper', 'lime', 'salt and pepper', 'black bean sauce', 'beans', 'water', 'onion', 'carrot', 'pork', 'ham hock', 'garlic', 'salt and pepper', 'cumin', 'oregano', 'salt and pepper', 'broth', 'canned pepper', 'ice cream', 'yogurt', 'canned pepper']",1,1,1,1,1,1,0,1,0,0,0,0,1,1,0,0,0,0,0,0
32,Mango Blackberry Side Salad,['Mexican'],"['Produce', ' Produce', ' Produce', ' Produce', ' Produce;Spices and Seasonings']","['blackberries', 'mango', 'lime', 'lime', 'mint']",0,0,1,0,0,0,0,0,0,0,0,0,0,0,0,0,0,0,0,0
33,Protein Strawberry Smoothie,['Mexican'],"['Milk', ' Eggs', ' Other Dairy', ' Produce', ' Milk', ' Eggs', ' Other Dairy', ' Nut butters', ' Jams', ' and Honey', ' Frozen', ' Produce']","['almond milk', 'banana', 'yogurt', 'honey', 'ice', 'strawberries']",0,0,0,0,0,0,0,0,0,0,0,0,0,0,0,0,0,0,0,0
34,Mango Kiwi Salsa,['Mexican'],"['Produce;Spices and Seasonings', ' Produce', ' Canned and Jarred;Produce;Ethnic Foods', ' Produce', ' Produce', ' Produce', ' Produce', ' Produce', ' Spices and Seasonings', ' Produce']","['cilantro', 'garlic', 'fresh pepper', 'lime', 'kiwi', 'mango', 'bell pepper', 'onion', 'salt and pepper', 'tomato']",1,1,1,1,1,1,0,1,0,0,1,0,0,0,0,0,0,0,0,0
35,Tangy & Savory Mexican Soup,['Mexican'],"['Produce', ' Produce', ' Produce;Spices and Seasonings', ' Produce', ' Meat', ' Produce', ' Produce;Spices and Seasonings', ' Produce', ' Spices and Seasonings', ' Produce', ' Spices and Seasonings', ' Milk', ' Eggs', ' Other Dairy', ' Pasta and Rice', ' Savory Snacks', ' Beverages', ' Produce', ' Produce', ' ?']","['avocado', 'carrot', 'cilantro', 'garlic', 'beef', 'lime', 'oregano', 'bell pepper', 'red pepper flake', 'onion', 'salt and pepper', 'sour cream', 'tomato', 'tortilla', 'water', 'onion', 'zucchini', 'None']",1,1,1,1,1,1,0,0,0,1,1,1,0,0,0,0,0,0,1,1
36,Instant Pot Chicken Tacos,['Mexican'],"['Spices and Seasonings', ' Meat', ' Produce', ' Produce', ' Pasta and Rice;Ethnic Foods', ' Ethnic Foods;Spices and Seasonings']","['salt and pepper', 'chicken', 'lime', 'onion', 'salsa', 'taco seasoning mix']",1,1,1,0,0,0,0,0,0,0,0,0,0,0,0,1,1,0,0,0
37,"Mushroom, Jalapeño, and Cilantro Salsa",['Mexican'],"['Produce', ' Produce', ' Canned and Jarred;Produce;Ethnic Foods', ' Produce;Spices and Seasonings', ' Produce', ' Oil', ' Vinegar', ' Salad Dressing', ' Spices and Seasonings']","['mushrooms', 'onion', 'fresh pepper', 'cilantro', 'lime', 'oil', 'salt and pepper']",1,1,1,0,0,1,1,1,0,0,0,0,0,0,0,0,0,0,0,0
38,Grilled Guacamole with Pistachios,['Mexican'],"['Produce', ' Spices and Seasonings', ' Produce', ' Produce;Spices and Seasonings', ' Produce', ' Spices and Seasonings', ' Spices and Seasonings', ' Canned and Jarred;Produce;Ethnic Foods', ' Produce', ' Oil', ' Vinegar', ' Salad Dressing', ' Produce', ' Nuts;Savory Snacks', ' Spices and Seasonings', ' Produce']","['avocado', 'cumin', 'corn', 'cilantro', 'garlic', 'salt and pepper', 'salt and pepper', 'fresh pepper', 'lime', 'oil', 'onion', 'pistachio', 'salt and pepper', 'tomato']",1,1,1,1,1,1,1,1,0,0,0,1,0,1,0,0,0,1,0,0
39,Roasted Vegetable Tacos,['Mexican'],"['Oil', ' Vinegar', ' Salad Dressing', ' Produce', ' Canned and Jarred', ' Canned and Jarred', ' Spices and Seasonings', ' Spices and Seasonings', ' Produce', ' Cheese', ' Produce', ' Oil', ' Vinegar', ' Salad Dressing', ' Spices and Seasonings', ' Produce', ' Produce', ' Produce', ' Spices and Seasonings', ' Produce']","['vinegar', 'avocado', 'beans', 'broth', 'chili powder', 'cumin', 'corn', 'cheese', 'onion', 'oil', 'paprika', 'fresh pepper', 'bell pepper', 'onion', 'salt and pepper', 'sweet potato']",1,1,0,0,0,0,1,1,1,0,1,1,1,1,1,0,0,1,0,0
40,Pork Tenderloin With Mango-Kiwi Glaze Served With Tomatillo Salsa,['Mexican'],"['Ethnic Foods;Spices and Seasonings', ' Spices and Seasonings', ' Produce', ' Spices and Seasonings', ' Spices and Seasonings', ' Produce;Spices and Seasonings', ' Produce;Ethnic Foods;Spices and Seasonings', ' Produce', ' Spices and Seasonings', ' Spices and Seasonings', ' Canned and Jarred;Produce;Ethnic Foods', ' Produce', ' Produce', ' Produce', ' Spices and Seasonings', ' Meat', ' Produce', ' Oil', ' Vinegar', ' Salad Dressing', ' Produce', ' Produce', ' Spices and Seasonings', ' Spices and Seasonings', ' Produce']","['chili powder', 'salt and pepper', 'bell pepper', 'cayenne', 'cayenne', 'cilantro', 'ginger', 'garlic', 'garlic', 'cumin', 'fresh pepper', 'lime', 'lime', 'kiwi', 'salt and pepper', 'pork', 'mango', 'oil', 'onion', 'onion', 'salt and pepper', 'salt and pepper', 'tomatillos']",1,1,1,1,0,1,1,1,0,0,1,0,0,1,1,0,0,0,0,0
41,Cilantro Lime Fish Tacos,['Mexican'],"['Canned and Jarred', ' Bakery/Bread;Pasta and Rice;Ethnic Foods', ' Produce;Spices and Seasonings', ' Produce', ' Produce', ' Oil', ' Vinegar', ' Salad Dressing', ' Produce', ' Pasta and Rice;Ethnic Foods', ' Milk', ' Eggs', ' Other Dairy', ' Seafood']","['stock', 'tortilla', 'cilantro', 'lettuce', 'lime', 'oil', 'onion', 'salsa', 'sour cream', 'fish']",0,1,1,0,0,1,1,0,0,1,0,0,0,0,0,0,1,0,0,1
42,Mexican Quinoa Bowl,['Mexican'],"['Pasta and Rice;Health Foods', ' Oil', ' Vinegar', ' Salad Dressing', ' Produce', ' Produce', ' Canned and Jarred', ' Spices and Seasonings', ' Spices and Seasonings', ' Spices and Seasonings', ' Pasta and Rice', ' Pasta and Rice;Canned and Jarred', ' Produce', ' Produce', ' Canned and Jarred;Produce;Ethnic Foods', ' Produce;Spices and Seasonings', ' Produce']","['quinoa', 'oil', 'garlic', 'onion', 'broth', 'cumin', 'salt and pepper', 'salt and pepper', 'tomato sauce', 'beans', 'avocado', 'tomato', 'fresh pepper', 'cilantro', 'lime']",1,1,1,1,1,1,1,1,0,0,0,1,1,1,0,0,0,0,0,0
43,Loaded Paleo Nachos With Fresh Salsa & Guacamole,['Mexican'],"['Produce', ' Spices and Seasonings', ' Health Foods;Baking', ' Produce', ' Produce', ' Produce', ' Spices and Seasonings', ' Spices and Seasonings', ' Meat', ' Pasta and Rice', ' Canned and Jarred', ' Produce', ' Produce', ' Produce;Spices and Seasonings', ' Produce', ' Produce', ' Produce', ' Produce', ' Spices and Seasonings']","['sweet potato', 'red pepper flake', 'oil', 'onion', 'garlic', 'chili powder', 'paprika', 'cumin', 'beef', 'tomato', 'passata', 'tomato', 'onion', 'cilantro', 'chives', 'avocado', 'garlic', 'lime', 'salt and pepper']",1,1,1,1,1,1,1,0,0,0,0,1,0,1,1,0,0,0,1,0
44,Guacamole,['Mexican'],"['Produce', ' Produce', ' Canned and Jarred;Produce;Ethnic Foods', ' Produce;Spices and Seasonings', ' Spices and Seasonings', ' Spices and Seasonings', ' Produce', ' Produce', ' Produce;Spices and Seasonings']","['avocado', 'onion', 'fresh pepper', 'cilantro', 'salt and pepper', 'salt and pepper', 'lime', 'basil', 'oregano']",1,1,1,0,0,1,0,1,0,0,0,1,0,0,0,0,0,0,0,0
45,Turkey Enchilada Bake,['Mexican'],"['Produce', ' Canned and Jarred', ' Spices and Seasonings', ' Canned and Jarred;Ethnic Foods', ' Produce;Spices and Seasonings', ' Bakery/Bread;Pasta and Rice;Ethnic Foods', ' Canned and Jarred', ' Produce', ' Produce', ' Spices and Seasonings', ' Spices and Seasonings', ' Produce', ' Meat', ' Produce', ' Spices and Seasonings', ' Pasta and Rice;Ethnic Foods', ' Cheese', ' Milk', ' Eggs', ' Other Dairy', ' Produce', ' Produce']","['avocado', 'beans', 'chili powder', 'canned pepper', 'cilantro', 'tortilla', 'tomato', 'garlic', 'fresh pepper', 'coriander', 'cumin', 'lime', 'turkey', 'onion', 'paprika', 'salsa', 'cheese', 'sour cream', 'tomatillos', 'onion']",0,1,1,1,1,1,0,1,1,1,0,1,1,1,1,0,1,0,0,1
46,Spicy Vegan Quesadillas,['Mexican'],"['Oil', ' Vinegar', ' Salad Dressing', ' Produce', ' Produce', ' Produce', ' Produce', ' Produce', ' Canned and Jarred', ' Canned and Jarred;Produce;Ethnic Foods', ' None', ' Bakery/Bread', ' Cheese;Health Foods']","['oil', 'tomato', 'bell pepper', 'bell pepper', 'onion', 'garlic', 'beans', 'fresh pepper', 'seasoning', 'tortilla', 'cheese']",0,1,0,1,1,0,1,1,1,1,1,0,1,0,0,0,0,0,0,0
47,Salsa Verde By Mommie Cooks,['Mexican'],"['Produce', ' Canned and Jarred', ' Spices and Seasonings', ' Spices and Seasonings', ' Produce', ' Produce', ' Produce', ' Produce', ' Produce;Spices and Seasonings', ' Spices and Seasonings', ' Spices and Seasonings']","['tomatillos', 'broth', 'cumin', 'cilantro', 'lime', 'garlic', 'fresh pepper', 'onion', 'cilantro', 'salt and pepper', 'salt and pepper']",1,1,1,1,0,1,0,1,0,0,0,0,0,1,0,0,0,0,0,0
48,Ceviche Tostadas,['Mexican'],"['Seafood', ' Produce', ' Produce;Spices and Seasonings', ' Produce', ' Produce', ' Produce', ' Oil', ' Vinegar', ' Salad Dressing', ' Spices and Seasonings', ' Savory Snacks']","['fish', 'tomato', 'cilantro', 'onion', 'lemon', 'fresh pepper', 'oil', 'salt and pepper', 'tortilla']",1,1,0,0,1,1,1,1,0,1,0,0,0,0,0,0,0,0,0,0
49,Spicy Seasoned Loaded Guacamole,['Mexican'],"['Produce', ' Produce', ' Oil', ' Vinegar', ' Salad Dressing', ' Produce', ' Produce', ' Produce;Spices and Seasonings', ' Produce', ' Spices and Seasonings', ' Spices and Seasonings', ' Spices and Seasonings', ' Spices and Seasonings']","['avocado', 'lime', 'vinegar', 'onion', 'fresh pepper', 'cilantro', 'tomato', 'salt and pepper', 'salt and pepper', 'cumin', 'garlic']",1,1,1,1,1,1,0,1,0,0,0,1,0,1,0,0,0,0,0,0
50,Smoky Chicken Tacos,['Mexican'],"['Produce', ' Produce', ' Spices and Seasonings', ' Produce;Spices and Seasonings', ' Produce', ' Bakery/Bread;Pasta and Rice;Ethnic Foods', ' Spices and Seasonings', ' Oil', ' Vinegar', ' Salad Dressing', ' Spices and Seasonings', ' Spices and Seasonings', ' Canned and Jarred;Produce;Ethnic Foods', ' Produce', ' Produce', ' Produce', ' Spices and Seasonings', ' Spices and Seasonings', ' Produce', ' Produce', ' Produce', ' Pasta and Rice;Ethnic Foods', ' Spices and Seasonings', ' Spices and Seasonings', ' Meat', ' Milk', ' Eggs', ' Other Dairy']","['avocado', 'cabbage', 'chili powder', 'cilantro', 'corn', 'tortilla', 'cumin', 'oil', 'garlic', 'garlic', 'fresh pepper', 'lime', 'lime', 'lime', 'onion', 'salt and pepper', 'onion', 'bell pepper', 'tomato', 'salsa', 'salt and pepper', 'salt and pepper', 'chicken', 'sour cream']",1,1,1,1,1,1,1,1,0,1,1,1,0,1,1,1,1,1,0,1
51,Salmon With Orange Salsa and Pomegranate Glaze,['Mexican'],"['Ethnic Foods;Health Foods', ' Produce', ' Produce', ' Ethnic Foods;Baking', ' Spices and Seasonings', ' Produce', ' Produce;Spices and Seasonings', ' Produce', ' Beverages', ' Produce', ' Beverages', ' Spices and Seasonings', ' Spices and Seasonings', ' Spices and Seasonings', ' Produce', ' Oil', ' Vinegar', ' Salad Dressing', ' Produce', ' Alcoholic Beverages', ' Cheese', ' Produce', ' Seafood', ' Produce', ' Produce']","['agave', 'avocado', 'bell pepper', 'cornmeal', 'cumin', 'fennel', 'cilantro', 'garlic', 'juice', 'lime', 'orange', 'salt and pepper', 'salt and pepper', 'salt and pepper', 'orange', 'oil', 'cucumber', 'port', 'cheese', 'onion', 'fish', 'fresh pepper', 'tomato']",1,1,1,1,1,1,1,1,1,0,1,1,0,1,0,0,0,0,0,0
52,Skirt Steak Fajitas,['Mexican'],"['Produce', ' Baking', ' Oil', ' Vinegar', ' Salad Dressing', ' Spices and Seasonings', ' Produce;Spices and Seasonings', ' Spices and Seasonings', ' Bakery/Bread;Pasta and Rice;Ethnic Foods', ' Produce', ' Produce', ' Produce', ' Pasta and Rice;Ethnic Foods', ' Meat', ' Milk', ' Eggs', ' Other Dairy', ' Ethnic Foods;Condiments', ' Produce']","['bell pepper', 'sugar', 'oil', 'chili powder', 'cilantro', 'cumin', 'tortilla', 'garlic', 'lime', 'lime', 'salsa', 'beef', 'sour cream', 'soy sauce', 'onion']",0,1,1,1,0,1,1,0,0,1,1,0,0,1,1,0,1,0,1,1
53,Chicken Burritos,['Mexican'],"['Produce', ' Meat', ' Produce;Spices and Seasonings', ' Bakery/Bread;Pasta and Rice;Ethnic Foods', ' Produce', ' Produce', ' Spices and Seasonings', ' Spices and Seasonings', ' Produce']","['avocado', 'chicken', 'cilantro', 'tortilla', 'lemon', 'onion', 'salt and pepper', 'salt and pepper', 'tomato']",1,1,0,0,1,1,0,0,0,1,0,1,0,0,0,1,0,0,0,0
54,Crockpot Garlic Lime Salsa Meatball Tacos,['Mexican'],"['Milk', ' Eggs', ' Other Dairy', ' Produce', ' Meat', ' Produce', ' Pasta and Rice;Ethnic Foods', ' Spices and Seasonings', ' Savory Snacks', ' Bakery/Bread;Pasta and Rice;Ethnic Foods']","['egg', 'garlic', 'beef', 'lime', 'salsa', 'salt and pepper', 'tortilla', 'tortilla']",1,0,1,1,0,0,0,0,0,1,0,0,0,0,0,0,1,0,1,0
55,Spiced Chicken With Black Bean and Mango Salsa,['Mexican'],"['Meat', ' Spices and Seasonings', ' Spices and Seasonings', ' Spices and Seasonings', ' Produce;Spices and Seasonings', ' Spices and Seasonings', ' Spices and Seasonings', ' Spices and Seasonings', ' Spices and Seasonings', ' Oil', ' Vinegar', ' Salad Dressing', ' Pasta and Rice;Ethnic Foods', ' Pasta and Rice;Canned and Jarred', ' Produce', ' Produce;Ethnic Foods;Spices and Seasonings', ' Produce', ' Produce', ' Produce', ' Produce', ' Produce', ' Produce', ' Oil', ' Vinegar', ' Salad Dressing', ' Spices and Seasonings']","['chicken', 'cumin', 'salt and pepper', 'salt and pepper', 'oregano', 'thyme', 'chili powder', 'cayenne', 'paprika', 'oil', 'salsa', 'beans', 'garlic', 'ginger', 'tomato', 'cucumber', 'mango', 'onion', 'fresh pepper', 'lime', 'oil', 'salt and pepper']",1,1,1,1,1,0,1,1,0,0,0,0,1,1,1,1,1,0,0,0
56,Quick Chicken Enchilada Soup,['Mexican'],"['Produce', ' Canned and Jarred', ' Canned and Jarred', ' Meat', ' Pasta and Rice;Ethnic Foods', ' Canned and Jarred', ' Milk', ' Eggs', ' Other Dairy', ' Savory Snacks', ' Cheese']","['corn', 'beans', 'tomato', 'chicken', 'enchilada sauce', 'mushroom soup', 'milk', 'tortilla', 'cheese']",0,0,0,0,1,0,0,0,1,1,0,0,1,0,0,1,0,1,0,0
57,Mexican Pork and Rice,['Mexican'],"['Canned and Jarred', ' Canned and Jarred', ' Canned and Jarred', ' Spices and Seasonings', ' Produce;Spices and Seasonings', ' Spices and Seasonings', ' Produce', ' Produce', ' Produce', ' Produce', ' Produce', ' Meat', ' Pasta and Rice', ' Pasta and Rice;Ethnic Foods', ' Spices and Seasonings']","['beans', 'tomato', 'broth', 'chili powder', 'cilantro', 'cumin', 'garlic', 'bell pepper', 'fresh pepper', 'lime', 'onion', 'pork', 'rice', 'salsa', 'salt and pepper']",1,1,1,1,1,1,0,1,0,0,1,0,1,1,1,0,1,0,0,0
58,Enchilada Stuffed Spaghetti Squash,['Mexican'],"['Produce', ' Canned and Jarred', ' Canned and Jarred', ' Produce', ' Pasta and Rice;Ethnic Foods', ' Produce;Spices and Seasonings', ' Cheese', ' Meat', ' Produce']","['avocado', 'olives', 'beans', 'corn', 'enchilada sauce', 'cilantro', 'cheese', 'chicken', 'spaghetti squash']",0,0,0,0,0,1,0,0,1,0,0,1,1,0,0,1,0,1,0,0
59,Vegetarian Tostadas With Spicy Black Beans (+gluten free),['Mexican'],"['Bakery/Bread;Pasta and Rice;Ethnic Foods', ' Canned and Jarred', ' Produce', ' Produce', ' Oil', ' Vinegar', ' Salad Dressing', ' Ethnic Foods', ' Produce', ' Spices and Seasonings', ' Produce', ' Cheese', ' Milk', ' Eggs', ' Other Dairy', ' Pasta and Rice;Ethnic Foods']","['tortilla', 'beans', 'onion', 'garlic', 'oil', 'adobo sauce', 'spinach', 'salt and pepper', 'tomato', 'cheese', 'sour cream', 'salsa']",1,1,0,1,1,0,1,0,1,1,0,0,1,0,0,0,1,0,0,1
60,Mango Guacamole,['Mexican'],"['Produce', ' Produce', ' Produce', ' Produce', ' Produce', ' Produce']","['avocado', 'mango', 'onion', 'fresh pepper', 'garlic', 'lime']",0,1,1,1,0,0,0,1,0,0,0,1,0,0,0,0,0,0,0,0
61,Mixed Bean Vegetarian Enchilada,['Mexican'],"['Oil', ' Vinegar', ' Salad Dressing', ' Produce', ' Produce', ' Spices and Seasonings', ' Produce', ' Beverages', ' Bakery/Bread;Pasta and Rice;Ethnic Foods', ' Milk', ' Eggs', ' Other Dairy', ' Cheese']","['oil', 'onion', 'carrot', 'chili powder', 'tomato', 'water', 'tortilla', 'yogurt', 'cheese']",0,1,0,0,1,0,1,0,1,1,0,0,0,0,1,0,0,0,0,0
62,Slow Cooker Mexican Chicken Soup,['Mexican'],"['Canned and Jarred', ' Produce', ' Produce', ' Produce', ' Canned and Jarred', ' Produce', ' Spices and Seasonings', ' Spices and Seasonings', ' Meat', ' Spices and Seasonings', ' Cheese', ' Produce', ' Produce', ' Canned and Jarred;Produce;Ethnic Foods', ' Produce']","['beans', 'onion', 'fresh pepper', 'garlic', 'broth', 'sweet potato', 'cumin', 'chili powder', 'chicken', 'salt and pepper', 'cheese', 'avocado', 'onion', 'fresh pepper', 'lime']",1,1,1,1,0,0,0,1,1,0,0,1,1,1,1,1,0,0,0,0
63,Slow Cooker Chicken Verde Enchilada,['Mexican'],"['Produce', ' Meat', ' Spices and Seasonings', ' Produce;Spices and Seasonings', ' Spices and Seasonings', ' Bakery/Bread;Pasta and Rice;Ethnic Foods', ' Produce', ' Spices and Seasonings', ' Spices and Seasonings', ' Spices and Seasonings', ' Canned and Jarred;Produce;Ethnic Foods', ' Produce', ' Milk', ' Eggs', ' Other Dairy', ' Produce', ' Spices and Seasonings', ' Spices and Seasonings', ' Spices and Seasonings', ' Cheese', ' Cheese', ' Produce', ' Beverages']","['avocado', 'chicken', 'chili powder', 'cilantro', 'cumin', 'tortilla', 'garlic', 'garlic', 'garlic', 'coriander', 'fresh pepper', 'lime', 'yogurt', 'onion', 'onion', 'salt and pepper', 'salt and pepper', 'cheese', 'cheese', 'tomatillos', 'water']",1,1,1,1,0,1,0,1,1,1,0,1,0,1,1,1,0,0,0,0
64,Chilled Avocado and Cucumber Soup With Prawn and Scallop Salsa,['Mexican'],"['Produce', ' Spices and Seasonings', ' Produce', ' Oil', ' Vinegar', ' Salad Dressing', ' Beverages', ' Produce', ' Produce', ' Produce', ' Ethnic Foods', ' Produce', ' Beverages', ' Seafood', ' Seafood', ' Canned and Jarred', ' Produce', ' Produce;Spices and Seasonings', ' Spices and Seasonings', ' Spices and Seasonings', ' Oil', ' Vinegar', ' Salad Dressing;Health Foods']","['shallot', 'red pepper flake', 'lime', 'oil', 'water', 'avocado', 'cucumber', 'onion', 'miso', 'lime', 'water', 'shrimp', 'scallops', 'olives', 'orange', 'cilantro', 'salt and pepper', 'salt and pepper', 'oil']",1,1,1,0,0,1,1,0,0,0,0,1,0,0,0,0,0,0,0,0
65,Mexican Carnitas,['Mexican'],"['Bakery/Bread;Pasta and Rice;Ethnic Foods', ' Produce;Spices and Seasonings', ' Produce', ' Refrigerated', ' Frozen', ' Produce', ' Oil', ' Vinegar', ' Salad Dressing', ' Produce', ' Produce', ' Meat', ' Spices and Seasonings', ' Cheese']","['tortilla', 'cilantro', 'garlic', 'guacamole', 'ice', 'lemon', 'oil', 'orange', 'bell pepper', 'beef', 'salt and pepper', 'cheese']",1,0,0,1,0,1,1,0,1,1,1,0,0,0,0,0,0,0,1,0
66,Mexican Stuffed Potatoes,['Mexican'],"['Meat', ' Pasta and Rice;Ethnic Foods', ' Produce', ' Cheese', ' Produce', ' Produce', ' Produce', ' Milk', ' Eggs', ' Other Dairy']","['beef', 'salsa', 'potato', 'cheese', 'tomato', 'onion', 'avocado', 'sour cream']",0,1,0,0,1,0,0,0,1,0,0,1,0,0,0,0,1,0,1,1
67,Fresh Mango Salsa,['Mexican'],"['Produce', ' Produce', ' Canned and Jarred;Produce;Ethnic Foods', ' Produce', ' Produce', ' Baking', ' Produce;Spices and Seasonings', ' Spices and Seasonings', ' Produce']","['mango', 'peach', 'fresh pepper', 'garlic', 'onion', 'sugar', 'cilantro', 'salt and pepper', 'lime']",1,1,1,1,0,1,0,1,0,0,0,0,0,0,0,0,0,0,0,0
68,Authentic Chicken Enchiladas,['Mexican'],"['Meat', ' Spices and Seasonings', ' Bakery/Bread;Pasta and Rice;Ethnic Foods', ' Spices and Seasonings', ' Pasta and Rice;Ethnic Foods', ' Spices and Seasonings', ' Produce', ' Canned and Jarred;Produce;Ethnic Foods', ' Oil', ' Vinegar', ' Salad Dressing', ' Produce', ' Spices and Seasonings', ' Cheese']","['chicken', 'chili powder', 'tortilla', 'cumin', 'enchilada sauce', 'garlic', 'fresh pepper', 'fresh pepper', 'oil', 'onion', 'salt and pepper', 'cheese']",1,1,0,1,0,0,1,1,1,1,0,0,0,1,1,1,0,0,0,0
69,Zesty Taco Casserole,['Mexican'],"['Bakery/Bread;Pasta and Rice;Ethnic Foods', ' Meat', ' Spices and Seasonings', ' Spices and Seasonings', ' Produce', ' Canned and Jarred;Produce;Ethnic Foods', ' Ethnic Foods;Spices and Seasonings', ' Spices and Seasonings', ' Spices and Seasonings', ' Canned and Jarred', ' Canned and Jarred', ' Pasta and Rice;Ethnic Foods', ' Canned and Jarred;Ethnic Foods', ' Milk', ' Eggs', ' Other Dairy', ' Savory Snacks', ' Cheese', ' Produce', ' Produce']","['tortilla', 'beef', 'salt and pepper', 'salt and pepper', 'onion', 'fresh pepper', 'taco seasoning mix', 'chili powder', 'onion', 'canned pepper', 'olives', 'salsa', 'beans', 'sour cream', 'tortilla', 'cheese', 'avocado', 'tomato']",1,1,0,0,1,0,0,1,1,1,0,1,1,0,1,0,1,0,1,1
70,How to Make a Chicken Taco Crock Pot,['Mexican'],"['Meat', ' Produce', ' Produce', ' Canned and Jarred', ' Canned and Jarred', ' Ethnic Foods;Spices and Seasonings']","['chicken', 'onion', 'corn', 'beans', 'tomato', 'taco seasoning mix']",0,1,0,0,1,0,0,0,0,0,0,0,1,0,0,1,0,1,0,0
71,New Mexican Red Bean Chili,['Mexican'],"['Canned and Jarred', ' Canned and Jarred', ' Produce', ' Spices and Seasonings', ' Spices and Seasonings', ' Spices and Seasonings', ' Meat', ' Produce;Spices and Seasonings', ' Produce', ' Canned and Jarred', ' Produce']","['broth', 'beans', 'chili powder', 'cilantro', 'allspice', 'cumin', 'beef', 'oregano', 'onion', 'bell pepper', 'tomato']",0,1,0,0,1,1,0,0,0,0,1,0,1,1,1,0,0,0,1,0
72,Chicken and Black Bean Burritos,['Mexican'],"['Ethnic Foods', ' Meat', ' Canned and Jarred', ' Pasta and Rice;Canned and Jarred', ' Baking', ' Oil', ' Vinegar', ' Salad Dressing', ' Produce;Spices and Seasonings', ' Produce', ' Spices and Seasonings', ' Canned and Jarred;Produce;Ethnic Foods', ' Produce', ' Beverages', ' Spices and Seasonings', ' Produce', ' Produce']","['tortilla', 'chicken', 'broth', 'beans', 'corn starch', 'oil', 'cilantro', 'garlic', 'salt and pepper', 'fresh pepper', 'lime', 'orange', 'salt and pepper', 'onion', 'chili powder']",1,1,1,1,0,1,1,1,0,1,0,0,1,0,1,1,0,0,0,0
73,Paprika and Coriander Rubbed Steaks With Orange-Coriander Salsa,['Mexican'],"['Meat', ' Spices and Seasonings', ' Spices and Seasonings', ' Spices and Seasonings', ' Spices and Seasonings', ' Oil', ' Vinegar', ' Salad Dressing', ' Produce', ' Produce', ' Produce', ' Produce;Spices and Seasonings', ' Oil', ' Vinegar', ' Salad Dressing', ' Spices and Seasonings', ' Spices and Seasonings']","['beef', 'paprika', 'coriander', 'salt and pepper', 'salt and pepper', 'oil', 'orange', 'garlic', 'onion', 'cilantro', 'oil', 'red pepper flake', 'salt and pepper']",1,1,0,1,0,1,1,0,0,0,0,0,0,0,0,0,0,0,1,0
74,Blueberry Ginger Salsa with Grilled Halibut,['Mexican'],"['Produce', ' Produce;Ethnic Foods;Spices and Seasonings', ' Produce;Spices and Seasonings', ' Nut butters', ' Jams', ' and Honey', ' Produce', ' Oil', ' Vinegar', ' Salad Dressing', ' Spices and Seasonings', ' Produce']","['blueberries', 'ginger', 'mint', 'honey', 'lemon', 'oil', 'salt and pepper', 'shallot']",1,0,0,0,0,0,1,0,0,0,0,0,0,0,0,0,0,0,0,0
75,Pork Carnitas Tacos,['Mexican'],"['Beverages', ' Meat', ' Produce', ' Spices and Seasonings', ' Oil', ' Vinegar', ' Salad Dressing', ' Beverages', ' Milk', ' Eggs', ' Other Dairy', ' Bakery/Bread;Pasta and Rice;Ethnic Foods', ' Pasta and Rice;Ethnic Foods', ' Produce', ' Produce;Spices and Seasonings', ' Produce', ' Produce']","['water', 'pork', 'garlic', 'salt and pepper', 'oil', 'orange', 'milk', 'tortilla', 'salsa', 'avocado', 'cilantro', 'onion', 'lime']",1,1,1,1,0,1,1,0,0,1,0,1,0,0,0,0,1,0,0,0
76,Vegetarian Enchilada Stuffed Peppers,['Mexican'],"['Pasta and Rice;Health Foods', ' Produce', ' Produce;Spices and Seasonings', ' Produce', ' Canned and Jarred;Ethnic Foods', ' Oil', ' Vinegar', ' Salad Dressing', ' Produce', ' Produce', ' Canned and Jarred;Ethnic Foods', ' Spices and Seasonings', ' Pasta and Rice', ' Spices and Seasonings', ' Spices and Seasonings', ' Frozen', ' Cheese']","['quinoa', 'lime', 'cilantro', 'fresh pepper', 'beans', 'oil', 'onion', 'garlic', 'canned pepper', 'cumin', 'tomato sauce', 'salt and pepper', 'salt and pepper', 'corn', 'cheese']",1,1,1,1,0,1,1,1,1,0,0,0,1,1,0,0,0,1,0,0
77,Turkey Chorizo and Potato Tacos,['Mexican'],"['Produce', ' Spices and Seasonings', ' Meat', ' Spices and Seasonings', ' Spices and Seasonings', ' Spices and Seasonings', ' Produce', ' Canned and Jarred;Ethnic Foods', ' Spices and Seasonings', ' Produce;Spices and Seasonings', ' Oil', ' Vinegar', ' Salad Dressing', ' Oil', ' Vinegar', ' Salad Dressing', ' Bakery/Bread;Pasta and Rice;Ethnic Foods']","['potato', 'salt and pepper', 'turkey', 'salt and pepper', 'paprika', 'paprika', 'garlic', 'canned pepper', 'coriander', 'oregano', 'vinegar', 'oil', 'tortilla']",1,0,0,1,0,0,1,0,0,1,0,0,0,0,0,0,0,0,0,0
78,Skillet Enchilada Dinner,['Mexican'],"['Spices and Seasonings', ' Canned and Jarred', ' Produce', ' Bakery/Bread;Pasta and Rice;Ethnic Foods', ' Produce;Spices and Seasonings', ' Produce', ' Produce', ' Spices and Seasonings', ' Meat', ' Cheese', ' Oil', ' Vinegar', ' Salad Dressing', ' Produce', ' Produce', ' Spices and Seasonings', ' Ethnic Foods;Spices and Seasonings']","['salt and pepper', 'tomato', 'tomato', 'tortilla', 'cilantro', 'garlic', 'fresh pepper', 'cumin', 'turkey', 'cheese', 'oil', 'onion', 'lettuce', 'salt and pepper', 'taco seasoning mix']",1,1,0,1,1,1,1,1,1,1,0,0,0,1,0,0,0,0,0,0
79,Spicy Coconut Chicken With Mango Basil Salsa,['Mexican'],"['Produce', ' Produce', ' Canned and Jarred;Milk', ' Eggs', ' Other Dairy', ' Baking', ' Produce', ' Produce', ' Produce;Ethnic Foods;Spices and Seasonings', ' Canned and Jarred;Produce;Ethnic Foods', ' Produce', ' Spices and Seasonings', ' Produce', ' Produce', ' Spices and Seasonings', ' Produce', ' Meat', ' Ethnic Foods;Condiments', ' Oil', ' Vinegar', ' Salad Dressing']","['basil', 'bell pepper', 'coconut milk', 'sugar', 'basil', 'garlic', 'ginger', 'fresh pepper', 'lime', 'salt and pepper', 'lime', 'mango', 'salt and pepper', 'onion', 'chicken', 'soy sauce', 'oil']",1,1,1,1,0,0,1,1,0,0,1,0,0,0,0,1,0,0,0,0
80,Katie's Unforgettable Salsa,['Mexican'],"['Produce', ' Produce', ' Canned and Jarred;Produce;Ethnic Foods', ' Produce', ' Produce;Spices and Seasonings', ' Canned and Jarred', ' Pasta and Rice', ' Spices and Seasonings', ' Spices and Seasonings', ' Spices and Seasonings', ' Baking']","['bell pepper', 'onion', 'fresh pepper', 'garlic', 'cilantro', 'tomato', 'tomato', 'salt and pepper', 'salt and pepper', 'italian season', 'sugar']",1,1,0,1,1,1,0,1,0,0,1,0,0,0,0,0,0,0,0,0
81,Sausage and Egg Breakfast Burrito,['Mexican'],"['Meat', ' Produce', ' Produce', ' Produce', ' Canned and Jarred;Produce;Ethnic Foods', ' Spices and Seasonings', ' Produce;Spices and Seasonings', ' Spices and Seasonings', ' Bakery/Bread;Pasta and Rice;Ethnic Foods', ' Milk', ' Eggs', ' Other Dairy', ' Milk', ' Eggs', ' Other Dairy', ' Condiments']","['pork sausage', 'onion', 'garlic', 'fresh peppers', 'fresh pepper', 'salt and pepper', 'oregano', 'salt and pepper', 'tortilla', 'egg', 'butter', 'sriracha']",1,1,0,1,0,0,0,1,0,1,0,0,0,0,0,0,0,0,0,0
82,Easy and Delicious Taco Soup,['Mexican'],"['Meat', ' Produce', ' Canned and Jarred', ' Canned and Jarred', ' Produce', ' Pasta and Rice', ' Canned and Jarred', ' Canned and Jarred', ' Canned and Jarred', ' Ethnic Foods;Spices and Seasonings', ' Spices and Seasonings', ' Produce;Spices and Seasonings', ' Cheese', ' Savory Snacks', ' Milk', ' Eggs', ' Other Dairy']","['turkey', 'onion', 'beans', 'beans', 'corn', 'tomato sauce', 'tomato', 'canned pepper', 'olives', 'taco seasoning mix', 'cayenne', 'cilantro', 'cheese', 'tortilla', 'sour cream']",0,1,0,0,1,1,0,0,1,1,0,0,1,0,0,0,0,1,0,1
83,Crock Pot Beef and Bean Burritos,['Mexican'],"['Meat', ' Ethnic Foods;Spices and Seasonings', ' Produce', ' Canned and Jarred;Produce;Ethnic Foods', ' Produce', ' Oil', ' Vinegar', ' Salad Dressing', ' Pasta and Rice;Canned and Jarred', ' Bakery/Bread;Pasta and Rice;Ethnic Foods', ' Cheese', ' Produce', ' Canned and Jarred', ' Milk', ' Eggs', ' Other Dairy']","['beef', 'taco seasoning mix', 'onion', 'fresh pepper', 'garlic', 'vinegar', 'beans', 'tortilla', 'cheese', 'tomato', 'olives', 'sour cream']",0,1,0,1,1,0,0,1,1,1,0,0,1,0,0,0,0,0,1,1
84,Grilled Swordfish With Melon-Mint Salsa,['Mexican'],"['Seafood', ' Produce', ' Produce;Spices and Seasonings', ' Produce', ' Produce', ' Nut butters', ' Jams', ' and Honey', ' Milk', ' Eggs', ' Other Dairy', ' Spices and Seasonings', ' Spices and Seasonings']","['fish', 'cantaloupe', 'mint', 'basil', 'lime', 'honey', 'butter', 'salt and pepper', 'garlic']",1,0,1,1,0,0,0,0,0,0,0,0,0,0,0,0,0,0,0,0
85,Kogi Kimchi Quesadillas,['Mexican'],"['Frozen;Meat', ' Milk', ' Eggs', ' Other Dairy', ' Bakery/Bread;Pasta and Rice;Ethnic Foods', ' Spices and Seasonings', ' Produce', ' Ethnic Foods', ' Oil', ' Vinegar', ' Salad Dressing', ' Spices and Seasonings', ' Ethnic Foods;Spices and Seasonings', ' Cheese']","['beef', 'butter', 'tortilla', 'garlic', 'onion', 'kimchi', 'oil', 'salt and pepper', 'sesame seeds', 'cheese']",1,1,0,1,0,0,1,0,1,1,0,0,0,0,0,0,0,0,1,0
86,Catfish Tacos With Pimento Cheese Crema and Watermelon Salsa,['Mexican'],"['Produce', ' Spices and Seasonings', ' Milk', ' Eggs', ' Other Dairy', ' Oil', ' Vinegar', ' Salad Dressing', ' Seafood', ' Spices and Seasonings', ' Bakery/Bread;Pasta and Rice;Ethnic Foods', ' Cheese', ' Milk', ' Eggs', ' Other Dairy', ' Produce;Spices and Seasonings', ' Produce', ' Produce', ' Produce', ' Produce', ' Spices and Seasonings', ' Spices and Seasonings', ' Produce', ' Condiments', ' Cheese', ' Spices and Seasonings', ' Produce', ' Produce', ' Produce', ' Produce', ' Produce', ' Cheese', ' Condiments', ' Condiments', ' Produce', ' Produce', ' Ethnic Foods;Baking']","['avocado', 'salt and pepper', 'buttermilk', 'oil', 'catfish', 'celery seed', 'tortilla', 'cheese', 'crema', 'cilantro', 'garlic', 'garlic', 'lime', 'lime', 'salt and pepper', 'salt and pepper', 'lemon', 'mayonnaise', 'mozzarella', 'paprika', 'cucumber', 'pimiento', 'onion', 'onion', 'fresh pepper', 'cheese', 'sriracha', 'hot sauce', 'tomato', 'watermelon', 'cornmeal']",1,1,1,1,1,1,1,1,1,1,0,1,0,0,0,0,0,0,0,0
87,Chipotle Chicken Enchiladas,['Mexican'],"['Oil', ' Vinegar', ' Salad Dressing', ' Baking', ' Spices and Seasonings', ' Spices and Seasonings', ' Pasta and Rice', ' Produce', ' Meat', ' Spices and Seasonings', ' Produce', ' Produce', ' Spices and Seasonings', ' Spices and Seasonings', ' Canned and Jarred', ' Canned and Jarred;Ethnic Foods', ' Canned and Jarred', ' Bakery/Bread;Pasta and Rice;Ethnic Foods', ' Cheese', ' Produce;Spices and Seasonings']","['oil', 'wheat flour', 'chili powder', 'cumin', 'tomato sauce', 'lime', 'chicken', 'salt and pepper', 'onion', 'garlic', 'chili powder', 'cumin', 'canned pepper', 'canned pepper', 'tomato', 'tortilla', 'cheese', 'cilantro']",1,1,1,1,1,1,1,0,1,1,0,0,0,1,1,1,0,0,0,0
88,Summer Popsicle Series – Strawberry,['Mexican'],"['Baking', ' Milk', ' Eggs', ' Other Dairy', ' Produce', ' Produce', ' Milk', ' Eggs', ' Other Dairy']","['sugar', 'yogurt', 'lemon', 'strawberries', 'milk']",0,0,0,0,0,0,0,0,0,0,0,0,0,0,0,0,0,0,0,0
89,Chicken Enchilada Chowder,['Mexican'],"['Pasta and Rice;Canned and Jarred', ' Canned and Jarred', ' Produce', ' Produce', ' Pasta and Rice;Ethnic Foods', ' Canned and Jarred', ' Milk', ' Eggs', ' Other Dairy', ' Canned and Jarred', ' Produce', ' Canned and Jarred;Produce;Ethnic Foods', ' Meat', ' Cheese', ' Cheese', ' Milk', ' Eggs', ' Other Dairy', ' Savory Snacks']","['beans', 'tomato', 'onion', 'bell pepper', 'enchilada sauce', 'chicken soup', 'milk', 'corn', 'fresh pepper', 'fresh pepper', 'chicken', 'cheese', 'cheese', 'sour cream', 'tortilla']",0,1,0,0,1,0,0,1,1,1,1,0,1,0,0,1,0,1,0,1
90,Mexican Chicken Lettuce Wraps,['Mexican'],"['Meat', ' Produce', ' Spices and Seasonings', ' Spices and Seasonings', ' Spices and Seasonings', ' Spices and Seasonings', ' Oil', ' Vinegar', ' Salad Dressing', ' Canned and Jarred', ' Produce', ' Produce', ' Produce', ' Produce', ' Produce']","['chicken', 'lime', 'cumin', 'chili powder', 'salt and pepper', 'garlic', 'oil', 'beans', 'tomato', 'onion', 'bell pepper', 'avocado', 'lettuce']",1,1,1,1,1,0,1,0,0,0,1,1,1,1,1,1,0,0,0,0
91,Enchiladas Verdes (Green Enchiladas),['Mexican'],"['Meat', ' Produce;Ethnic Foods;Spices and Seasonings', ' Oil', ' Vinegar', ' Salad Dressing', ' Milk', ' Eggs', ' Other Dairy', ' Baking', ' Produce', ' Bakery/Bread;Pasta and Rice;Ethnic Foods', ' Cheese', ' Cheese', ' Milk', ' Eggs', ' Other Dairy', ' Spices and Seasonings', ' Beverages']","['chicken', 'dried pepper', 'oil', 'buttermilk', 'wheat flour', 'onion', 'tortilla', 'cheese', 'cheese', 'crema', 'salt and pepper', 'water']",1,1,0,0,0,0,1,0,1,1,0,0,0,0,0,1,0,0,0,0
92,Elk Sirloin Tacos With Pickled Jalapeños,['Mexican'],"['Meat', ' Produce', ' Produce', ' Canned and Jarred;Produce;Ethnic Foods', ' Produce', ' Bakery/Bread;Pasta and Rice;Ethnic Foods', ' Cheese', ' Produce', ' Pasta and Rice;Ethnic Foods', ' Spices and Seasonings', ' Spices and Seasonings', ' Spices and Seasonings', ' Spices and Seasonings', ' Produce']","['elk', 'onion', 'tomato', 'fresh pepper', 'avocado', 'tortilla', 'cheese', 'cabbage', 'salsa', 'salt and pepper', 'garlic', 'chipotle', 'cumin', 'bell pepper']",1,1,0,1,1,0,0,1,1,1,1,1,0,1,0,0,1,0,0,0
93,Cheesy Cowboy Quesadillas,['Mexican'],"['Produce', ' Milk', ' Eggs', ' Other Dairy', ' Canned and Jarred', ' Cheese', ' Spices and Seasonings', ' Produce', ' Cheese', ' Spices and Seasonings', ' Produce', ' Produce', ' Spices and Seasonings', ' Meat', ' Bakery/Bread;Pasta and Rice;Ethnic Foods']","['bell pepper', 'butter', 'beans', 'cheese', 'chili powder', 'corn', 'cheese', 'cumin', 'garlic', 'onion', 'salt and pepper', 'chicken', 'tortilla']",1,1,0,1,0,0,0,0,1,1,1,0,1,1,1,1,0,1,0,0
94,Chavrie Guacamole,['Mexican'],"['Produce', ' Spices and Seasonings', ' Cheese', ' Produce', ' Produce', ' Spices and Seasonings', ' Condiments', ' Produce']","['avocado', 'cumin', 'cheese', 'lemon', 'lime', 'salt and pepper', 'hot sauce', 'tomato']",1,0,1,0,1,0,0,0,1,0,0,1,0,1,0,0,0,0,0,0
95,Tex-Mex Polenta Rounds with Chunky Guacamole,['Mexican'],"['Produce', ' Spices and Seasonings', ' Cheese', ' Produce', ' Pasta and Rice;Ethnic Foods;Baking', ' Pasta and Rice;Ethnic Foods', ' Spices and Seasonings', ' Produce']","['avocado', 'chili powder', 'cheese', 'bell pepper', 'polenta', 'salsa', 'salt and pepper', 'onion']",1,1,0,0,0,0,0,0,1,0,1,1,0,0,1,0,1,0,0,0
96,Fresh Mex Salsa,['Mexican'],"['Canned and Jarred', ' Spices and Seasonings', ' Produce;Spices and Seasonings', ' Spices and Seasonings', ' Frozen', ' Produce', ' Canned and Jarred;Produce;Ethnic Foods', ' Produce', ' Oil', ' Vinegar', ' Salad Dressing', ' Produce', ' Produce', ' Spices and Seasonings', ' Produce', ' Oil', ' Vinegar', ' Salad Dressing']","['beans', 'chili powder', 'cilantro', 'cumin', 'corn', 'bell pepper', 'fresh pepper', 'lime', 'oil', 'bell pepper', 'onion', 'salt and pepper', 'tomato', 'vinegar']",1,1,1,0,1,1,1,1,0,0,1,0,1,1,1,0,0,1,0,0
97,Salsa,['Mexican'],"['Gourmet', ' Produce', ' Pasta and Rice;Ethnic Foods', ' Pasta and Rice;Ethnic Foods', ' Produce', ' Pasta and Rice;Ethnic Foods', ' Pasta and Rice;Ethnic Foods', ' Pasta and Rice;Ethnic Foods']","['caviar', 'tomato', 'salsa', 'salsa', 'peach', 'salsa', 'salsa', 'salsa']",0,0,0,0,1,0,0,0,0,0,0,0,0,0,0,0,1,0,0,0
98,Artichoke croutons with guacamole,['Mexican'],"['Produce', ' Produce', ' Produce;Spices and Seasonings', ' Produce', ' Produce', ' Spices and Seasonings', ' Produce', ' Bakery/Bread', ' Produce', ' Produce', ' Milk', ' Eggs', ' Other Dairy', ' Oil', ' Vinegar', ' Salad Dressing', ' Oil', ' Vinegar', ' Salad Dressing', ' Produce;Baking']","['avocado', 'tomato', 'parsley', 'onion', 'lemon', 'salt and pepper', 'bell pepper', 'bread', 'garlic', 'artichoke', 'butter', 'vinegar', 'oil', 'pine nuts']",1,1,0,1,1,0,1,0,0,0,1,1,0,0,0,0,0,0,0,0
99,Rotisserie Chicken and Bean Tostadas,['Mexican'],"['Meat', ' Bakery/Bread;Pasta and Rice;Ethnic Foods', ' Canned and Jarred;Ethnic Foods', ' Produce', ' Canned and Jarred;Produce;Ethnic Foods', ' Produce', ' Cheese', ' Produce', ' Refrigerated', ' Pasta and Rice;Ethnic Foods']","['chicken', 'tortilla', 'beans', 'tomato', 'fresh pepper', 'lettuce', 'cheese', 'lime', 'guacamole', 'salsa']",0,0,1,0,1,0,0,1,1,1,0,0,1,0,0,1,1,0,0,0
